"Data Source","World Development Indicators",

"Last Updated Date","2018-11-14",

"Country Name","Country Code","Indicator Name","Indicator Code","1960","1961","1962","1963","1964","1965","1966","1967","1968","1969","1970","1971","1972","1973","1974","1975","1976","1977","1978","1979","1980","1981","1982","1983","1984","1985","1986","1987","1988","1989","1990","1991","1992","1993","1994","1995","1996","1997","1998","1999","2000","2001","2002","2003","2004","2005","2006","2007","2008","2009","2010","2011","2012","2013","2014","2015","2016","2017",
"Aruba","ABW","SF6 gas emissions (thousand metric tons of CO2 equivalent)","EN.ATM.SF6G.KT.CE","","","","","","","","","","","","","","","","","","","","","","","","","","","","","","","","","","","","","","","","","","","","","","","","","","","","","","","","","","",
"Afghanistan","AFG","SF6 gas emissions (thousand metric tons of CO2 equivalent)","EN.ATM.SF6G.KT.CE","","","","","","","","","","","","","","","","","","","","","","","","","","","","","","","","","","","","","","","","","","","","","","","","","","","","","","","","","","",
"Angola","AGO","SF6 gas emissions (thousand metric tons of CO2 equivalent)","EN.ATM.SF6G.KT.CE","","","","","","","","","","","","","","","","","","","","","","","","","","","","","","","0","","","","","","","","","","0","","","","","0","","","0","","0","","","","","","","",
"Albania","ALB","SF6 gas emissions (thousand metric tons of CO2 equivalent)","EN.ATM.SF6G.KT.CE","","","","","","","","","","","","","","","","","","","","","","","","","","","","","","","0","","","","","","","","","","0","","","","","0","","","0","","0","","","","","","","",
"Andorra","AND","SF6 gas emissions (thousand metric tons of CO2 equivalent)","EN.ATM.SF6G.KT.CE","","","","","","","","","","","","","","","","","","","","","","","","","","","","","","","","","","","","","","","","","","","","","","","","","","","","","","","","","","",
"Arab World","ARB","SF6 gas emissions (thousand metric tons of CO2 equivalent)","EN.ATM.SF6G.KT.CE","","","","","","","","","","","","","","","","","","","","","","","","","","","","","","","","","","","","","","","","","","","","","","","","","","","8828.25427273957","","","","","","","",
"United Arab Emirates","ARE","SF6 gas emissions (thousand metric tons of CO2 equivalent)","EN.ATM.SF6G.KT.CE","","","","","","","","","","","","","","","","","","","","","","","","","","","","","","","456.1","","","","","","","","","","660.1","","","","","796.2","","","941.4","","1038","","","","","","","",
"Argentina","ARG","SF6 gas emissions (thousand metric tons of CO2 equivalent)","EN.ATM.SF6G.KT.CE","","","","","","","","","","","","","","","","","","","","","","","","","","","","","","","149.6","","","","","","","","","","224","","","","","346.2","","","405","","444","","","","","","","",
"Armenia","ARM","SF6 gas emissions (thousand metric tons of CO2 equivalent)","EN.ATM.SF6G.KT.CE","","","","","","","","","","","","","","","","","","","","","","","","","","","","","","","0","","","","","","","","","","0","","","","","0","","","0","","0","","","","","","","",
"American Samoa","ASM","SF6 gas emissions (thousand metric tons of CO2 equivalent)","EN.ATM.SF6G.KT.CE","","","","","","","","","","","","","","","","","","","","","","","","","","","","","","","","","","","","","","","","","","","","","","","","","","","","","","","","","","",
"Antigua and Barbuda","ATG","SF6 gas emissions (thousand metric tons of CO2 equivalent)","EN.ATM.SF6G.KT.CE","","","","","","","","","","","","","","","","","","","","","","","","","","","","","","","","","","","","","","","","","","","","","","","","","","","","","","","","","","",
"Australia","AUS","SF6 gas emissions (thousand metric tons of CO2 equivalent)","EN.ATM.SF6G.KT.CE","","","","","","","","","","","","","","","","","","","","","","","","","","","","","","","385.1","","","","","","","","","","471.2","","","","","466.6","","","544.1","","492","","","","","","","",
"Austria","AUT","SF6 gas emissions (thousand metric tons of CO2 equivalent)","EN.ATM.SF6G.KT.CE","","","","","","","","","","","","","","","","","","","","","","","","","","","","","","","411.2","","","","","","","","","","294.4","","","","","169","","","196.4","","183","","","","","","","",
"Azerbaijan","AZE","SF6 gas emissions (thousand metric tons of CO2 equivalent)","EN.ATM.SF6G.KT.CE","","","","","","","","","","","","","","","","","","","","","","","","","","","","","","","0","","","","","","","","","","0","","","","","0","","","0","","0","","","","","","","",
"Burundi","BDI","SF6 gas emissions (thousand metric tons of CO2 equivalent)","EN.ATM.SF6G.KT.CE","","","","","","","","","","","","","","","","","","","","","","","","","","","","","","","","","","","","","","","","","","","","","","","","","","","","","","","","","","",
"Belgium","BEL","SF6 gas emissions (thousand metric tons of CO2 equivalent)","EN.ATM.SF6G.KT.CE","","","","","","","","","","","","","","","","","","","","","","","","","","","","","","","138.5","","","","","","","","","","131.7","","","","","72.9","","","80.9","","93","","","","","","","",
"Benin","BEN","SF6 gas emissions (thousand metric tons of CO2 equivalent)","EN.ATM.SF6G.KT.CE","","","","","","","","","","","","","","","","","","","","","","","","","","","","","","","0","","","","","","","","","","0","","","","","0","","","0","","0","","","","","","","",
"Burkina Faso","BFA","SF6 gas emissions (thousand metric tons of CO2 equivalent)","EN.ATM.SF6G.KT.CE","","","","","","","","","","","","","","","","","","","","","","","","","","","","","","","","","","","","","","","","","","","","","","","","","","","","","","","","","","",
"Bangladesh","BGD","SF6 gas emissions (thousand metric tons of CO2 equivalent)","EN.ATM.SF6G.KT.CE","","","","","","","","","","","","","","","","","","","","","","","","","","","","","","","0","","","","","","","","","","0","","","","","0","","","0","","0","","","","","","","",
"Bulgaria","BGR","SF6 gas emissions (thousand metric tons of CO2 equivalent)","EN.ATM.SF6G.KT.CE","","","","","","","","","","","","","","","","","","","","","","","","","","","","","","","0","","","","","","","","","","0","","","","","0","","","0","","0","","","","","","","",
"Bahrain","BHR","SF6 gas emissions (thousand metric tons of CO2 equivalent)","EN.ATM.SF6G.KT.CE","","","","","","","","","","","","","","","","","","","","","","","","","","","","","","","0","","","","","","","","","","0","","","","","0","","","0","","0","","","","","","","",
"Bahamas, The","BHS","SF6 gas emissions (thousand metric tons of CO2 equivalent)","EN.ATM.SF6G.KT.CE","","","","","","","","","","","","","","","","","","","","","","","","","","","","","","","","","","","","","","","","","","","","","","","","","","","","","","","","","","",
"Bosnia and Herzegovina","BIH","SF6 gas emissions (thousand metric tons of CO2 equivalent)","EN.ATM.SF6G.KT.CE","","","","","","","","","","","","","","","","","","","","","","","","","","","","","","","0","","","","","","","","","","0","","","","","0","","","0","","0","","","","","","","",
"Belarus","BLR","SF6 gas emissions (thousand metric tons of CO2 equivalent)","EN.ATM.SF6G.KT.CE","","","","","","","","","","","","","","","","","","","","","","","","","","","","","","","0","","","","","","","","","","0","","","","","0","","","0","","0","","","","","","","",
"Belize","BLZ","SF6 gas emissions (thousand metric tons of CO2 equivalent)","EN.ATM.SF6G.KT.CE","","","","","","","","","","","","","","","","","","","","","","","","","","","","","","","","","","","","","","","","","","","","","","","","","","","","","","","","","","",
"Bermuda","BMU","SF6 gas emissions (thousand metric tons of CO2 equivalent)","EN.ATM.SF6G.KT.CE","","","","","","","","","","","","","","","","","","","","","","","","","","","","","","","","","","","","","","","","","","","","","","","","","","","","","","","","","","",
"Bolivia","BOL","SF6 gas emissions (thousand metric tons of CO2 equivalent)","EN.ATM.SF6G.KT.CE","","","","","","","","","","","","","","","","","","","","","","","","","","","","","","","0","","","","","","","","","","0","","","","","0","","","0","","0","","","","","","","",
"Brazil","BRA","SF6 gas emissions (thousand metric tons of CO2 equivalent)","EN.ATM.SF6G.KT.CE","","","","","","","","","","","","","","","","","","","","","","","","","","","","","","","1507.9","","","","","","","","","","758.7","","","","","1202","","","1397.3","","1532","","","","","","","",
"Barbados","BRB","SF6 gas emissions (thousand metric tons of CO2 equivalent)","EN.ATM.SF6G.KT.CE","","","","","","","","","","","","","","","","","","","","","","","","","","","","","","","","","","","","","","","","","","","","","","","","","","","","","","","","","","",
"Brunei Darussalam","BRN","SF6 gas emissions (thousand metric tons of CO2 equivalent)","EN.ATM.SF6G.KT.CE","","","","","","","","","","","","","","","","","","","","","","","","","","","","","","","0","","","","","","","","","","0","","","","","0","","","0","","0","","","","","","","",
"Bhutan","BTN","SF6 gas emissions (thousand metric tons of CO2 equivalent)","EN.ATM.SF6G.KT.CE","","","","","","","","","","","","","","","","","","","","","","","","","","","","","","","","","","","","","","","","","","","","","","","","","","","","","","","","","","",
"Botswana","BWA","SF6 gas emissions (thousand metric tons of CO2 equivalent)","EN.ATM.SF6G.KT.CE","","","","","","","","","","","","","","","","","","","","","","","","","","","","","","","0","","","","","","","","","","0","","","","","0","","","0","","0","","","","","","","",
"Central African Republic","CAF","SF6 gas emissions (thousand metric tons of CO2 equivalent)","EN.ATM.SF6G.KT.CE","","","","","","","","","","","","","","","","","","","","","","","","","","","","","","","","","","","","","","","","","","","","","","","","","","","","","","","","","","",
"Canada","CAN","SF6 gas emissions (thousand metric tons of CO2 equivalent)","EN.ATM.SF6G.KT.CE","","","","","","","","","","","","","","","","","","","","","","","","","","","","","","","3971.8","","","","","","","","","","4935.1","","","","","4163.8","","","4208.8","","4050","","","","","","","",
"Central Europe and the Baltics","CEB","SF6 gas emissions (thousand metric tons of CO2 equivalent)","EN.ATM.SF6G.KT.CE","","","","","","","","","","","","","","","","","","","","","","","","","","","","","","","","","","","","","","","","","","","","","","","","","","","388.633755364959","","","","","","","",
"Switzerland","CHE","SF6 gas emissions (thousand metric tons of CO2 equivalent)","EN.ATM.SF6G.KT.CE","","","","","","","","","","","","","","","","","","","","","","","","","","","","","","","586.8","","","","","","","","","","293.1","","","","","348.7","","","448.3","","378","","","","","","","",
"Channel Islands","CHI","SF6 gas emissions (thousand metric tons of CO2 equivalent)","EN.ATM.SF6G.KT.CE","","","","","","","","","","","","","","","","","","","","","","","","","","","","","","","","","","","","","","","","","","","","","","","","","","","","","","","","","","",
"Chile","CHL","SF6 gas emissions (thousand metric tons of CO2 equivalent)","EN.ATM.SF6G.KT.CE","","","","","","","","","","","","","","","","","","","","","","","","","","","","","","","16.5","","","","","","","","","","6.7","","","","","9","","","7.9","","8","","","","","","","",
"China","CHN","SF6 gas emissions (thousand metric tons of CO2 equivalent)","EN.ATM.SF6G.KT.CE","","","","","","","","","","","","","","","","","","","","","","","","","","","","","","","1708.6","","","","","","","","","","10753.6","","","","","29000.7","","","44726.2","","57054","","","","","","","",
"Cote d'Ivoire","CIV","SF6 gas emissions (thousand metric tons of CO2 equivalent)","EN.ATM.SF6G.KT.CE","","","","","","","","","","","","","","","","","","","","","","","","","","","","","","","0","","","","","","","","","","0","","","","","0","","","0","","0","","","","","","","",
"Cameroon","CMR","SF6 gas emissions (thousand metric tons of CO2 equivalent)","EN.ATM.SF6G.KT.CE","","","","","","","","","","","","","","","","","","","","","","","","","","","","","","","0","","","","","","","","","","0","","","","","0","","","0","","0","","","","","","","",
"Congo, Dem. Rep.","COD","SF6 gas emissions (thousand metric tons of CO2 equivalent)","EN.ATM.SF6G.KT.CE","","","","","","","","","","","","","","","","","","","","","","","","","","","","","","","0","","","","","","","","","","0","","","","","0","","","0","","0","","","","","","","",
"Congo, Rep.","COG","SF6 gas emissions (thousand metric tons of CO2 equivalent)","EN.ATM.SF6G.KT.CE","","","","","","","","","","","","","","","","","","","","","","","","","","","","","","","0","","","","","","","","","","0","","","","","0","","","0","","0","","","","","","","",
"Colombia","COL","SF6 gas emissions (thousand metric tons of CO2 equivalent)","EN.ATM.SF6G.KT.CE","","","","","","","","","","","","","","","","","","","","","","","","","","","","","","","41.7","","","","","","","","","","28.2","","","","","82.9","","","96.7","","106","","","","","","","",
"Comoros","COM","SF6 gas emissions (thousand metric tons of CO2 equivalent)","EN.ATM.SF6G.KT.CE","","","","","","","","","","","","","","","","","","","","","","","","","","","","","","","","","","","","","","","","","","","","","","","","","","","","","","","","","","",
"Cabo Verde","CPV","SF6 gas emissions (thousand metric tons of CO2 equivalent)","EN.ATM.SF6G.KT.CE","","","","","","","","","","","","","","","","","","","","","","","","","","","","","","","","","","","","","","","","","","","","","","","","","","","","","","","","","","",
"Costa Rica","CRI","SF6 gas emissions (thousand metric tons of CO2 equivalent)","EN.ATM.SF6G.KT.CE","","","","","","","","","","","","","","","","","","","","","","","","","","","","","","","0","","","","","","","","","","0","","","","","0","","","0","","0","","","","","","","",
"Caribbean small states","CSS","SF6 gas emissions (thousand metric tons of CO2 equivalent)","EN.ATM.SF6G.KT.CE","","","","","","","","","","","","","","","","","","","","","","","","","","","","","","","","","","","","","","","","","","","","","","","","","","","","","","","","","","",
"Cuba","CUB","SF6 gas emissions (thousand metric tons of CO2 equivalent)","EN.ATM.SF6G.KT.CE","","","","","","","","","","","","","","","","","","","","","","","","","","","","","","","0","","","","","","","","","","0","","","","","0","","","0","","0","","","","","","","",
"Curacao","CUW","SF6 gas emissions (thousand metric tons of CO2 equivalent)","EN.ATM.SF6G.KT.CE","","","","","","","","","","","","","","","","","","","","","","","","","","","","","","","","","","","","","","","","","","","","","","","","","","","","","","","","","","",
"Cayman Islands","CYM","SF6 gas emissions (thousand metric tons of CO2 equivalent)","EN.ATM.SF6G.KT.CE","","","","","","","","","","","","","","","","","","","","","","","","","","","","","","","","","","","","","","","","","","","","","","","","","","","","","","","","","","",
"Cyprus","CYP","SF6 gas emissions (thousand metric tons of CO2 equivalent)","EN.ATM.SF6G.KT.CE","","","","","","","","","","","","","","","","","","","","","","","","","","","","","","","0","","","","","","","","","","0","","","","","0","","","0","","0","","","","","","","",
"Czech Republic","CZE","SF6 gas emissions (thousand metric tons of CO2 equivalent)","EN.ATM.SF6G.KT.CE","","","","","","","","","","","","","","","","","","","","","","","","","","","","","","","3.3","","","","","","","","","","13","","","","","5.6","","","4.7","","5","","","","","","","",
"Germany","DEU","SF6 gas emissions (thousand metric tons of CO2 equivalent)","EN.ATM.SF6G.KT.CE","","","","","","","","","","","","","","","","","","","","","","","","","","","","","","","5562.9","","","","","","","","","","5580.4","","","","","5443.2","","","6469.6","","5336","","","","","","","",
"Djibouti","DJI","SF6 gas emissions (thousand metric tons of CO2 equivalent)","EN.ATM.SF6G.KT.CE","","","","","","","","","","","","","","","","","","","","","","","","","","","","","","","","","","","","","","","","","","","","","","","","","","","","","","","","","","",
"Dominica","DMA","SF6 gas emissions (thousand metric tons of CO2 equivalent)","EN.ATM.SF6G.KT.CE","","","","","","","","","","","","","","","","","","","","","","","","","","","","","","","","","","","","","","","","","","","","","","","","","","","","","","","","","","",
"Denmark","DNK","SF6 gas emissions (thousand metric tons of CO2 equivalent)","EN.ATM.SF6G.KT.CE","","","","","","","","","","","","","","","","","","","","","","","","","","","","","","","86.7","","","","","","","","","","81.4","","","","","31.5","","","33.5","","36","","","","","","","",
"Dominican Republic","DOM","SF6 gas emissions (thousand metric tons of CO2 equivalent)","EN.ATM.SF6G.KT.CE","","","","","","","","","","","","","","","","","","","","","","","","","","","","","","","0","","","","","","","","","","0","","","","","0","","","0","","0","","","","","","","",
"Algeria","DZA","SF6 gas emissions (thousand metric tons of CO2 equivalent)","EN.ATM.SF6G.KT.CE","","","","","","","","","","","","","","","","","","","","","","","","","","","","","","","326","","","","","","","","","","311.4","","","","","320.6","","","383.7","","426","","","","","","","",
"East Asia & Pacific (excluding high income)","EAP","SF6 gas emissions (thousand metric tons of CO2 equivalent)","EN.ATM.SF6G.KT.CE","","","","","","","","","","","","","","","","","","","","","","","","","","","","","","","","","","","","","","","","","","","","","","","","","","","62644.5198328882","","","","","","","",
"Early-demographic dividend","EAR","SF6 gas emissions (thousand metric tons of CO2 equivalent)","EN.ATM.SF6G.KT.CE","","","","","","","","","","","","","","","","","","","","","","","","","","","","","","","","","","","","","","","","","","","","","","","","","","","24970.7973326851","","","","","","","",
"East Asia & Pacific","EAS","SF6 gas emissions (thousand metric tons of CO2 equivalent)","EN.ATM.SF6G.KT.CE","","","","","","","","","","","","","","","","","","","","","","","","","","","","","","","","","","","","","","","","","","","","","","","","","","","77540.2886995646","","","","","","","",
"Europe & Central Asia (excluding high income)","ECA","SF6 gas emissions (thousand metric tons of CO2 equivalent)","EN.ATM.SF6G.KT.CE","","","","","","","","","","","","","","","","","","","","","","","","","","","","","","","","","","","","","","","","","","","","","","","","","","","14286.9925167652","","","","","","","",
"Europe & Central Asia","ECS","SF6 gas emissions (thousand metric tons of CO2 equivalent)","EN.ATM.SF6G.KT.CE","","","","","","","","","","","","","","","","","","","","","","","","","","","","","","","","","","","","","","","","","","","","","","","","","","","24007.4323936043","","","","","","","",
"Ecuador","ECU","SF6 gas emissions (thousand metric tons of CO2 equivalent)","EN.ATM.SF6G.KT.CE","","","","","","","","","","","","","","","","","","","","","","","","","","","","","","","0","","","","","","","","","","0","","","","","0","","","0","","0","","","","","","","",
"Egypt, Arab Rep.","EGY","SF6 gas emissions (thousand metric tons of CO2 equivalent)","EN.ATM.SF6G.KT.CE","","","","","","","","","","","","","","","","","","","","","","","","","","","","","","","769.7","","","","","","","","","","1107.1","","","","","1127.3","","","1323.3","","1457","","","","","","","",
"Euro area","EMU","SF6 gas emissions (thousand metric tons of CO2 equivalent)","EN.ATM.SF6G.KT.CE","","","","","","","","","","","","","","","","","","","","","","","","","","","","","","","","","","","","","","","","","","","","","","","","","","","9699.6862168576","","","","","","","",
"Eritrea","ERI","SF6 gas emissions (thousand metric tons of CO2 equivalent)","EN.ATM.SF6G.KT.CE","","","","","","","","","","","","","","","","","","","","","","","","","","","","","","","0","","","","","","","","","","0","","","","","0","","","0","","0","","","","","","","",
"Spain","ESP","SF6 gas emissions (thousand metric tons of CO2 equivalent)","EN.ATM.SF6G.KT.CE","","","","","","","","","","","","","","","","","","","","","","","","","","","","","","","408.3","","","","","","","","","","2456.5","","","","","743.8","","","893.4","","944","","","","","","","",
"Estonia","EST","SF6 gas emissions (thousand metric tons of CO2 equivalent)","EN.ATM.SF6G.KT.CE","","","","","","","","","","","","","","","","","","","","","","","","","","","","","","","1.6","","","","","","","","","","2","","","","","2.2","","","2.3","","2","","","","","","","",
"Ethiopia","ETH","SF6 gas emissions (thousand metric tons of CO2 equivalent)","EN.ATM.SF6G.KT.CE","","","","","","","","","","","","","","","","","","","","","","","","","","","","","","","0","","","","","","","","","","0","","","","","0","","","0","","0","","","","","","","",
"European Union","EUU","SF6 gas emissions (thousand metric tons of CO2 equivalent)","EN.ATM.SF6G.KT.CE","","","","","","","","","","","","","","","","","","","","","","","","","","","","","","","","","","","","","","","","","","","","","","","","","","","10804.2462247256","","","","","","","",
"Fragile and conflict affected situations","FCS","SF6 gas emissions (thousand metric tons of CO2 equivalent)","EN.ATM.SF6G.KT.CE","","","","","","","","","","","","","","","","","","","","","","","","","","","","","","","","","","","","","","","","","","","","","","","","","","","","","","","","","","",
"Finland","FIN","SF6 gas emissions (thousand metric tons of CO2 equivalent)","EN.ATM.SF6G.KT.CE","","","","","","","","","","","","","","","","","","","","","","","","","","","","","","","98.4","","","","","","","","","","113.9","","","","","50.9","","","67.9","","76","","","","","","","",
"Fiji","FJI","SF6 gas emissions (thousand metric tons of CO2 equivalent)","EN.ATM.SF6G.KT.CE","","","","","","","","","","","","","","","","","","","","","","","","","","","","","","","","","","","","","","","","","","","","","","","","","","","","","","","","","","",
"France","FRA","SF6 gas emissions (thousand metric tons of CO2 equivalent)","EN.ATM.SF6G.KT.CE","","","","","","","","","","","","","","","","","","","","","","","","","","","","","","","3232.8","","","","","","","","","","2428.5","","","","","1609.4","","","1784.7","","1431","","","","","","","",
"Faroe Islands","FRO","SF6 gas emissions (thousand metric tons of CO2 equivalent)","EN.ATM.SF6G.KT.CE","","","","","","","","","","","","","","","","","","","","","","","","","","","","","","","","","","","","","","","","","","","","","","","","","","","","","","","","","","",
"Micronesia, Fed. Sts.","FSM","SF6 gas emissions (thousand metric tons of CO2 equivalent)","EN.ATM.SF6G.KT.CE","","","","","","","","","","","","","","","","","","","","","","","","","","","","","","","","","","","","","","","","","","","","","","","","","","","","","","","","","","",
"Gabon","GAB","SF6 gas emissions (thousand metric tons of CO2 equivalent)","EN.ATM.SF6G.KT.CE","","","","","","","","","","","","","","","","","","","","","","","","","","","","","","","0","","","","","","","","","","0","","","","","0","","","0","","0","","","","","","","",
"United Kingdom","GBR","SF6 gas emissions (thousand metric tons of CO2 equivalent)","EN.ATM.SF6G.KT.CE","","","","","","","","","","","","","","","","","","","","","","","","","","","","","","","1073.9","","","","","","","","","","1154.1","","","","","554.2","","","528.9","","557","","","","","","","",
"Georgia","GEO","SF6 gas emissions (thousand metric tons of CO2 equivalent)","EN.ATM.SF6G.KT.CE","","","","","","","","","","","","","","","","","","","","","","","","","","","","","","","0","","","","","","","","","","0","","","","","0","","","0","","0","","","","","","","",
"Ghana","GHA","SF6 gas emissions (thousand metric tons of CO2 equivalent)","EN.ATM.SF6G.KT.CE","","","","","","","","","","","","","","","","","","","","","","","","","","","","","","","0","","","","","","","","","","0","","","","","0","","","0","","0","","","","","","","",
"Gibraltar","GIB","SF6 gas emissions (thousand metric tons of CO2 equivalent)","EN.ATM.SF6G.KT.CE","","","","","","","","","","","","","","","","","","","","","","","","","","","","","","","0","","","","","","","","","","0","","","","","0","","","0","","0","","","","","","","",
"Guinea","GIN","SF6 gas emissions (thousand metric tons of CO2 equivalent)","EN.ATM.SF6G.KT.CE","","","","","","","","","","","","","","","","","","","","","","","","","","","","","","","","","","","","","","","","","","","","","","","","","","","","","","","","","","",
"Gambia, The","GMB","SF6 gas emissions (thousand metric tons of CO2 equivalent)","EN.ATM.SF6G.KT.CE","","","","","","","","","","","","","","","","","","","","","","","","","","","","","","","","","","","","","","","","","","","","","","","","","","","","","","","","","","",
"Guinea-Bissau","GNB","SF6 gas emissions (thousand metric tons of CO2 equivalent)","EN.ATM.SF6G.KT.CE","","","","","","","","","","","","","","","","","","","","","","","","","","","","","","","","","","","","","","","","","","","","","","","","","","","","","","","","","","",
"Equatorial Guinea","GNQ","SF6 gas emissions (thousand metric tons of CO2 equivalent)","EN.ATM.SF6G.KT.CE","","","","","","","","","","","","","","","","","","","","","","","","","","","","","","","","","","","","","","","","","","","","","","","","","","","","","","","","","","",
"Greece","GRC","SF6 gas emissions (thousand metric tons of CO2 equivalent)","EN.ATM.SF6G.KT.CE","","","","","","","","","","","","","","","","","","","","","","","","","","","","","","","135.4","","","","","","","","","","131.8","","","","","108.1","","","115.4","","99","","","","","","","",
"Grenada","GRD","SF6 gas emissions (thousand metric tons of CO2 equivalent)","EN.ATM.SF6G.KT.CE","","","","","","","","","","","","","","","","","","","","","","","","","","","","","","","","","","","","","","","","","","","","","","","","","","","","","","","","","","",
"Greenland","GRL","SF6 gas emissions (thousand metric tons of CO2 equivalent)","EN.ATM.SF6G.KT.CE","","","","","","","","","","","","","","","","","","","","","","","","","","","","","","","","","","","","","","","","","","","","","","","","","","","","","","","","","","",
"Guatemala","GTM","SF6 gas emissions (thousand metric tons of CO2 equivalent)","EN.ATM.SF6G.KT.CE","","","","","","","","","","","","","","","","","","","","","","","","","","","","","","","0","","","","","","","","","","0","","","","","0","","","0","","0","","","","","","","",
"Guam","GUM","SF6 gas emissions (thousand metric tons of CO2 equivalent)","EN.ATM.SF6G.KT.CE","","","","","","","","","","","","","","","","","","","","","","","","","","","","","","","","","","","","","","","","","","","","","","","","","","","","","","","","","","",
"Guyana","GUY","SF6 gas emissions (thousand metric tons of CO2 equivalent)","EN.ATM.SF6G.KT.CE","","","","","","","","","","","","","","","","","","","","","","","","","","","","","","","","","","","","","","","","","","","","","","","","","","","","","","","","","","",
"High income","HIC","SF6 gas emissions (thousand metric tons of CO2 equivalent)","EN.ATM.SF6G.KT.CE","","","","","","","","","","","","","","","","","","","","","","","","","","","","","","","","","","","","","","","","","","","","","","","","","","","78323.103674029","","","","","","","",
"Hong Kong SAR, China","HKG","SF6 gas emissions (thousand metric tons of CO2 equivalent)","EN.ATM.SF6G.KT.CE","","","","","","","","","","","","","","","","","","","","","","","","","","","","","","","379","","","","","","","","","","155.3","","","","","119","","","137.4","","150","","","","","","","",
"Honduras","HND","SF6 gas emissions (thousand metric tons of CO2 equivalent)","EN.ATM.SF6G.KT.CE","","","","","","","","","","","","","","","","","","","","","","","","","","","","","","","0","","","","","","","","","","0","","","","","0","","","0","","0","","","","","","","",
"Heavily indebted poor countries (HIPC)","HPC","SF6 gas emissions (thousand metric tons of CO2 equivalent)","EN.ATM.SF6G.KT.CE","","","","","","","","","","","","","","","","","","","","","","","","","","","","","","","","","","","","","","","","","","","","","","","","","","","","","","","","","","",
"Croatia","HRV","SF6 gas emissions (thousand metric tons of CO2 equivalent)","EN.ATM.SF6G.KT.CE","","","","","","","","","","","","","","","","","","","","","","","","","","","","","","","0","","","","","","","","","","0","","","","","0","","","0","","0","","","","","","","",
"Haiti","HTI","SF6 gas emissions (thousand metric tons of CO2 equivalent)","EN.ATM.SF6G.KT.CE","","","","","","","","","","","","","","","","","","","","","","","","","","","","","","","0","","","","","","","","","","0","","","","","0","","","0","","0","","","","","","","",
"Hungary","HUN","SF6 gas emissions (thousand metric tons of CO2 equivalent)","EN.ATM.SF6G.KT.CE","","","","","","","","","","","","","","","","","","","","","","","","","","","","","","","18.6","","","","","","","","","","25.2","","","","","30","","","28.9","","26","","","","","","","",
"IBRD only","IBD","SF6 gas emissions (thousand metric tons of CO2 equivalent)","EN.ATM.SF6G.KT.CE","","","","","","","","","","","","","","","","","","","","","","","","","","","","","","","","","","","","","","","","","","","","","","","","","","","96533.6851599064","","","","","","","",
"IDA & IBRD total","IBT","SF6 gas emissions (thousand metric tons of CO2 equivalent)","EN.ATM.SF6G.KT.CE","","","","","","","","","","","","","","","","","","","","","","","","","","","","","","","","","","","","","","","","","","","","","","","","","","","102379.878295035","","","","","","","",
"IDA total","IDA","SF6 gas emissions (thousand metric tons of CO2 equivalent)","EN.ATM.SF6G.KT.CE","","","","","","","","","","","","","","","","","","","","","","","","","","","","","","","","","","","","","","","","","","","","","","","","","","","","","","","","","","",
"IDA blend","IDB","SF6 gas emissions (thousand metric tons of CO2 equivalent)","EN.ATM.SF6G.KT.CE","","","","","","","","","","","","","","","","","","","","","","","","","","","","","","","","","","","","","","","","","","","","","","","","","","","1985.22262338156","","","","","","","",
"Indonesia","IDN","SF6 gas emissions (thousand metric tons of CO2 equivalent)","EN.ATM.SF6G.KT.CE","","","","","","","","","","","","","","","","","","","","","","","","","","","","","","","1062.8","","","","","","","","","","826.8","","","","","886.1","","","1016.4","","1106","","","","","","","",
"IDA only","IDX","SF6 gas emissions (thousand metric tons of CO2 equivalent)","EN.ATM.SF6G.KT.CE","","","","","","","","","","","","","","","","","","","","","","","","","","","","","","","","","","","","","","","","","","","","","","","","","","","","","","","","","","",
"Isle of Man","IMN","SF6 gas emissions (thousand metric tons of CO2 equivalent)","EN.ATM.SF6G.KT.CE","","","","","","","","","","","","","","","","","","","","","","","","","","","","","","","","","","","","","","","","","","","","","","","","","","","","","","","","","","",
"India","IND","SF6 gas emissions (thousand metric tons of CO2 equivalent)","EN.ATM.SF6G.KT.CE","","","","","","","","","","","","","","","","","","","","","","","","","","","","","","","5757.5","","","","","","","","","","3434.7","","","","","4578.7","","","5301.4","","5772","","","","","","","",
"Not classified","INX","SF6 gas emissions (thousand metric tons of CO2 equivalent)","EN.ATM.SF6G.KT.CE","","","","","","","","","","","","","","","","","","","","","","","","","","","","","","","","","","","","","","","","","","","","","","","","","","","","","","","","","","",
"Ireland","IRL","SF6 gas emissions (thousand metric tons of CO2 equivalent)","EN.ATM.SF6G.KT.CE","","","","","","","","","","","","","","","","","","","","","","","","","","","","","","","33.8","","","","","","","","","","76.5","","","","","61.8","","","69.9","","59","","","","","","","",
"Iran, Islamic Rep.","IRN","SF6 gas emissions (thousand metric tons of CO2 equivalent)","EN.ATM.SF6G.KT.CE","","","","","","","","","","","","","","","","","","","","","","","","","","","","","","","2387.3","","","","","","","","","","1704.9","","","","","2355.5","","","2724.9","","2993","","","","","","","",
"Iraq","IRQ","SF6 gas emissions (thousand metric tons of CO2 equivalent)","EN.ATM.SF6G.KT.CE","","","","","","","","","","","","","","","","","","","","","","","","","","","","","","","252.9","","","","","","","","","","156.1","","","","","86","","","101.7","","112","","","","","","","",
"Iceland","ISL","SF6 gas emissions (thousand metric tons of CO2 equivalent)","EN.ATM.SF6G.KT.CE","","","","","","","","","","","","","","","","","","","","","","","","","","","","","","","3.5","","","","","","","","","","17.9","","","","","3.5","","","4","","3","","","","","","","",
"Israel","ISR","SF6 gas emissions (thousand metric tons of CO2 equivalent)","EN.ATM.SF6G.KT.CE","","","","","","","","","","","","","","","","","","","","","","","","","","","","","","","1001","","","","","","","","","","1005.2","","","","","553.7","","","642","","687","","","","","","","",
"Italy","ITA","SF6 gas emissions (thousand metric tons of CO2 equivalent)","EN.ATM.SF6G.KT.CE","","","","","","","","","","","","","","","","","","","","","","","","","","","","","","","1230.8","","","","","","","","","","1268.5","","","","","877.2","","","992.1","","987","","","","","","","",
"Jamaica","JAM","SF6 gas emissions (thousand metric tons of CO2 equivalent)","EN.ATM.SF6G.KT.CE","","","","","","","","","","","","","","","","","","","","","","","","","","","","","","","0","","","","","","","","","","0","","","","","0","","","0","","0","","","","","","","",
"Jordan","JOR","SF6 gas emissions (thousand metric tons of CO2 equivalent)","EN.ATM.SF6G.KT.CE","","","","","","","","","","","","","","","","","","","","","","","","","","","","","","","0","","","","","","","","","","0","","","","","0","","","0","","0","","","","","","","",
"Japan","JPN","SF6 gas emissions (thousand metric tons of CO2 equivalent)","EN.ATM.SF6G.KT.CE","","","","","","","","","","","","","","","","","","","","","","","","","","","","","","","14425.8","","","","","","","","","","7156.6","","","","","4522.3","","","4382.7","","3765","","","","","","","",
"Kazakhstan","KAZ","SF6 gas emissions (thousand metric tons of CO2 equivalent)","EN.ATM.SF6G.KT.CE","","","","","","","","","","","","","","","","","","","","","","","","","","","","","","","0","","","","","","","","","","0","","","","","0","","","0","","0","","","","","","","",
"Kenya","KEN","SF6 gas emissions (thousand metric tons of CO2 equivalent)","EN.ATM.SF6G.KT.CE","","","","","","","","","","","","","","","","","","","","","","","","","","","","","","","0","","","","","","","","","","0","","","","","0","","","0","","0","","","","","","","",
"Kyrgyz Republic","KGZ","SF6 gas emissions (thousand metric tons of CO2 equivalent)","EN.ATM.SF6G.KT.CE","","","","","","","","","","","","","","","","","","","","","","","","","","","","","","","0","","","","","","","","","","0","","","","","0","","","0","","0","","","","","","","",
"Cambodia","KHM","SF6 gas emissions (thousand metric tons of CO2 equivalent)","EN.ATM.SF6G.KT.CE","","","","","","","","","","","","","","","","","","","","","","","","","","","","","","","0","","","","","","","","","","0","","","","","0","","","0","","0","","","","","","","",
"Kiribati","KIR","SF6 gas emissions (thousand metric tons of CO2 equivalent)","EN.ATM.SF6G.KT.CE","","","","","","","","","","","","","","","","","","","","","","","","","","","","","","","","","","","","","","","","","","","","","","","","","","","","","","","","","","",
"St. Kitts and Nevis","KNA","SF6 gas emissions (thousand metric tons of CO2 equivalent)","EN.ATM.SF6G.KT.CE","","","","","","","","","","","","","","","","","","","","","","","","","","","","","","","","","","","","","","","","","","","","","","","","","","","","","","","","","","",
"Korea, Rep.","KOR","SF6 gas emissions (thousand metric tons of CO2 equivalent)","EN.ATM.SF6G.KT.CE","","","","","","","","","","","","","","","","","","","","","","","","","","","","","","","3472.9","","","","","","","","","","4050.5","","","","","4615.7","","","5931.6","","6213","","","","","","","",
"Kuwait","KWT","SF6 gas emissions (thousand metric tons of CO2 equivalent)","EN.ATM.SF6G.KT.CE","","","","","","","","","","","","","","","","","","","","","","","","","","","","","","","263","","","","","","","","","","350.9","","","","","386","","","456.4","","503","","","","","","","",
"Latin America & Caribbean (excluding high income)","LAC","SF6 gas emissions (thousand metric tons of CO2 equivalent)","EN.ATM.SF6G.KT.CE","","","","","","","","","","","","","","","","","","","","","","","","","","","","","","","","","","","","","","","","","","","","","","","","","","","2786.9692265796","","","","","","","",
"Lao PDR","LAO","SF6 gas emissions (thousand metric tons of CO2 equivalent)","EN.ATM.SF6G.KT.CE","","","","","","","","","","","","","","","","","","","","","","","","","","","","","","","","","","","","","","","","","","","","","","","","","","","","","","","","","","",
"Lebanon","LBN","SF6 gas emissions (thousand metric tons of CO2 equivalent)","EN.ATM.SF6G.KT.CE","","","","","","","","","","","","","","","","","","","","","","","","","","","","","","","0","","","","","","","","","","0","","","","","0","","","0","","0","","","","","","","",
"Liberia","LBR","SF6 gas emissions (thousand metric tons of CO2 equivalent)","EN.ATM.SF6G.KT.CE","","","","","","","","","","","","","","","","","","","","","","","","","","","","","","","","","","","","","","","","","","","","","","","","","","","","","","","","","","",
"Libya","LBY","SF6 gas emissions (thousand metric tons of CO2 equivalent)","EN.ATM.SF6G.KT.CE","","","","","","","","","","","","","","","","","","","","","","","","","","","","","","","282.4","","","","","","","","","","178.2","","","","","280.3","","","331.5","","366","","","","","","","",
"St. Lucia","LCA","SF6 gas emissions (thousand metric tons of CO2 equivalent)","EN.ATM.SF6G.KT.CE","","","","","","","","","","","","","","","","","","","","","","","","","","","","","","","","","","","","","","","","","","","","","","","","","","","","","","","","","","",
"Latin America & Caribbean","LCN","SF6 gas emissions (thousand metric tons of CO2 equivalent)","EN.ATM.SF6G.KT.CE","","","","","","","","","","","","","","","","","","","","","","","","","","","","","","","","","","","","","","","","","","","","","","","","","","","3366.29353392255","","","","","","","",
"Least developed countries: UN classification","LDC","SF6 gas emissions (thousand metric tons of CO2 equivalent)","EN.ATM.SF6G.KT.CE","","","","","","","","","","","","","","","","","","","","","","","","","","","","","","","","","","","","","","","","","","","","","","","","","","","","","","","","","","",
"Low income","LIC","SF6 gas emissions (thousand metric tons of CO2 equivalent)","EN.ATM.SF6G.KT.CE","","","","","","","","","","","","","","","","","","","","","","","","","","","","","","","","","","","","","","","","","","","","","","","","","","","","","","","","","","",
"Liechtenstein","LIE","SF6 gas emissions (thousand metric tons of CO2 equivalent)","EN.ATM.SF6G.KT.CE","","","","","","","","","","","","","","","","","","","","","","","","","","","","","","","","","","","","","","","","","","","","","","","","","","","","","","","","","","",
"Sri Lanka","LKA","SF6 gas emissions (thousand metric tons of CO2 equivalent)","EN.ATM.SF6G.KT.CE","","","","","","","","","","","","","","","","","","","","","","","","","","","","","","","0","","","","","","","","","","0","","","","","0","","","0","","0","","","","","","","",
"Lower middle income","LMC","SF6 gas emissions (thousand metric tons of CO2 equivalent)","EN.ATM.SF6G.KT.CE","","","","","","","","","","","","","","","","","","","","","","","","","","","","","","","","","","","","","","","","","","","","","","","","","","","13868.6296823777","","","","","","","",
"Low & middle income","LMY","SF6 gas emissions (thousand metric tons of CO2 equivalent)","EN.ATM.SF6G.KT.CE","","","","","","","","","","","","","","","","","","","","","","","","","","","","","","","","","","","","","","","","","","","","","","","","","","","102002.940140374","","","","","","","",
"Lesotho","LSO","SF6 gas emissions (thousand metric tons of CO2 equivalent)","EN.ATM.SF6G.KT.CE","","","","","","","","","","","","","","","","","","","","","","","","","","","","","","","","","","","","","","","","","","","","","","","","","","","","","","","","","","",
"Late-demographic dividend","LTE","SF6 gas emissions (thousand metric tons of CO2 equivalent)","EN.ATM.SF6G.KT.CE","","","","","","","","","","","","","","","","","","","","","","","","","","","","","","","","","","","","","","","","","","","","","","","","","","","79770.3608351212","","","","","","","",
"Lithuania","LTU","SF6 gas emissions (thousand metric tons of CO2 equivalent)","EN.ATM.SF6G.KT.CE","","","","","","","","","","","","","","","","","","","","","","","","","","","","","","","0","","","","","","","","","","0","","","","","0","","","0","","0","","","","","","","",
"Luxembourg","LUX","SF6 gas emissions (thousand metric tons of CO2 equivalent)","EN.ATM.SF6G.KT.CE","","","","","","","","","","","","","","","","","","","","","","","","","","","","","","","0","","","","","","","","","","0","","","","","0","","","0","","0","","","","","","","",
"Latvia","LVA","SF6 gas emissions (thousand metric tons of CO2 equivalent)","EN.ATM.SF6G.KT.CE","","","","","","","","","","","","","","","","","","","","","","","","","","","","","","","0","","","","","","","","","","0","","","","","0","","","0","","0","","","","","","","",
"Macao SAR, China","MAC","SF6 gas emissions (thousand metric tons of CO2 equivalent)","EN.ATM.SF6G.KT.CE","","","","","","","","","","","","","","","","","","","","","","","","","","","","","","","","","","","","","","","","","","","","","","","","","","","","","","","","","","",
"St. Martin (French part)","MAF","SF6 gas emissions (thousand metric tons of CO2 equivalent)","EN.ATM.SF6G.KT.CE","","","","","","","","","","","","","","","","","","","","","","","","","","","","","","","","","","","","","","","","","","","","","","","","","","","","","","","","","","",
"Morocco","MAR","SF6 gas emissions (thousand metric tons of CO2 equivalent)","EN.ATM.SF6G.KT.CE","","","","","","","","","","","","","","","","","","","","","","","","","","","","","","","0","","","","","","","","","","0","","","","","0","","","0","","0","","","","","","","",
"Monaco","MCO","SF6 gas emissions (thousand metric tons of CO2 equivalent)","EN.ATM.SF6G.KT.CE","","","","","","","","","","","","","","","","","","","","","","","","","","","","","","","","","","","","","","","","","","","","","","","","","","","","","","","","","","",
"Moldova","MDA","SF6 gas emissions (thousand metric tons of CO2 equivalent)","EN.ATM.SF6G.KT.CE","","","","","","","","","","","","","","","","","","","","","","","","","","","","","","","0","","","","","","","","","","0","","","","","0","","","0","","0","","","","","","","",
"Madagascar","MDG","SF6 gas emissions (thousand metric tons of CO2 equivalent)","EN.ATM.SF6G.KT.CE","","","","","","","","","","","","","","","","","","","","","","","","","","","","","","","","","","","","","","","","","","","","","","","","","","","","","","","","","","",
"Maldives","MDV","SF6 gas emissions (thousand metric tons of CO2 equivalent)","EN.ATM.SF6G.KT.CE","","","","","","","","","","","","","","","","","","","","","","","","","","","","","","","","","","","","","","","","","","","","","","","","","","","","","","","","","","",
"Middle East & North Africa","MEA","SF6 gas emissions (thousand metric tons of CO2 equivalent)","EN.ATM.SF6G.KT.CE","","","","","","","","","","","","","","","","","","","","","","","","","","","","","","","","","","","","","","","","","","","","","","","","","","","12461.8349161574","","","","","","","",
"Mexico","MEX","SF6 gas emissions (thousand metric tons of CO2 equivalent)","EN.ATM.SF6G.KT.CE","","","","","","","","","","","","","","","","","","","","","","","","","","","","","","","854.5","","","","","","","","","","831.8","","","","","420.6","","","468.9","","520","","","","","","","",
"Marshall Islands","MHL","SF6 gas emissions (thousand metric tons of CO2 equivalent)","EN.ATM.SF6G.KT.CE","","","","","","","","","","","","","","","","","","","","","","","","","","","","","","","","","","","","","","","","","","","","","","","","","","","","","","","","","","",
"Middle income","MIC","SF6 gas emissions (thousand metric tons of CO2 equivalent)","EN.ATM.SF6G.KT.CE","","","","","","","","","","","","","","","","","","","","","","","","","","","","","","","","","","","","","","","","","","","","","","","","","","","99993.9702025458","","","","","","","",
"Macedonia, FYR","MKD","SF6 gas emissions (thousand metric tons of CO2 equivalent)","EN.ATM.SF6G.KT.CE","","","","","","","","","","","","","","","","","","","","","","","","","","","","","","","0","","","","","","","","","","0","","","","","0","","","0","","0","","","","","","","",
"Mali","MLI","SF6 gas emissions (thousand metric tons of CO2 equivalent)","EN.ATM.SF6G.KT.CE","","","","","","","","","","","","","","","","","","","","","","","","","","","","","","","","","","","","","","","","","","","","","","","","","","","","","","","","","","",
"Malta","MLT","SF6 gas emissions (thousand metric tons of CO2 equivalent)","EN.ATM.SF6G.KT.CE","","","","","","","","","","","","","","","","","","","","","","","","","","","","","","","0","","","","","","","","","","0","","","","","0","","","0","","0","","","","","","","",
"Myanmar","MMR","SF6 gas emissions (thousand metric tons of CO2 equivalent)","EN.ATM.SF6G.KT.CE","","","","","","","","","","","","","","","","","","","","","","","","","","","","","","","0","","","","","","","","","","0","","","","","0","","","0","","0","","","","","","","",
"Middle East & North Africa (excluding high income)","MNA","SF6 gas emissions (thousand metric tons of CO2 equivalent)","EN.ATM.SF6G.KT.CE","","","","","","","","","","","","","","","","","","","","","","","","","","","","","","","","","","","","","","","","","","","","","","","","","","","6916.14760602178","","","","","","","",
"Montenegro","MNE","SF6 gas emissions (thousand metric tons of CO2 equivalent)","EN.ATM.SF6G.KT.CE","","","","","","","","","","","","","","","","","","","","","","","","","","","","","","","","","","","","","","","","","","","","","","","","","","","0","","","","","","","",
"Mongolia","MNG","SF6 gas emissions (thousand metric tons of CO2 equivalent)","EN.ATM.SF6G.KT.CE","","","","","","","","","","","","","","","","","","","","","","","","","","","","","","","0","","","","","","","","","","0","","","","","0","","","0","","0","","","","","","","",
"Northern Mariana Islands","MNP","SF6 gas emissions (thousand metric tons of CO2 equivalent)","EN.ATM.SF6G.KT.CE","","","","","","","","","","","","","","","","","","","","","","","","","","","","","","","","","","","","","","","","","","","","","","","","","","","","","","","","","","",
"Mozambique","MOZ","SF6 gas emissions (thousand metric tons of CO2 equivalent)","EN.ATM.SF6G.KT.CE","","","","","","","","","","","","","","","","","","","","","","","","","","","","","","","0","","","","","","","","","","0","","","","","0","","","0","","0","","","","","","","",
"Mauritania","MRT","SF6 gas emissions (thousand metric tons of CO2 equivalent)","EN.ATM.SF6G.KT.CE","","","","","","","","","","","","","","","","","","","","","","","","","","","","","","","","","","","","","","","","","","","","","","","","","","","","","","","","","","",
"Mauritius","MUS","SF6 gas emissions (thousand metric tons of CO2 equivalent)","EN.ATM.SF6G.KT.CE","","","","","","","","","","","","","","","","","","","","","","","","","","","","","","","","","","","","","","","","","","","","","","","","","","","","","","","","","","",
"Malawi","MWI","SF6 gas emissions (thousand metric tons of CO2 equivalent)","EN.ATM.SF6G.KT.CE","","","","","","","","","","","","","","","","","","","","","","","","","","","","","","","","","","","","","","","","","","","","","","","","","","","","","","","","","","",
"Malaysia","MYS","SF6 gas emissions (thousand metric tons of CO2 equivalent)","EN.ATM.SF6G.KT.CE","","","","","","","","","","","","","","","","","","","","","","","","","","","","","","","597.1","","","","","","","","","","428.7","","","","","627","","","736.5","","790","","","","","","","",
"North America","NAC","SF6 gas emissions (thousand metric tons of CO2 equivalent)","EN.ATM.SF6G.KT.CE","","","","","","","","","","","","","","","","","","","","","","","","","","","","","","","","","","","","","","","","","","","","","","","","","","","45271.5426848475","","","","","","","",
"Namibia","NAM","SF6 gas emissions (thousand metric tons of CO2 equivalent)","EN.ATM.SF6G.KT.CE","","","","","","","","","","","","","","","","","","","","","","","","","","","","","","","0","","","","","","","","","","0","","","","","0","","","0","","0","","","","","","","",
"New Caledonia","NCL","SF6 gas emissions (thousand metric tons of CO2 equivalent)","EN.ATM.SF6G.KT.CE","","","","","","","","","","","","","","","","","","","","","","","","","","","","","","","","","","","","","","","","","","","","","","","","","","","","","","","","","","",
"Niger","NER","SF6 gas emissions (thousand metric tons of CO2 equivalent)","EN.ATM.SF6G.KT.CE","","","","","","","","","","","","","","","","","","","","","","","","","","","","","","","","","","","","","","","","","","","","","","","","","","","","","","","","","","",
"Nigeria","NGA","SF6 gas emissions (thousand metric tons of CO2 equivalent)","EN.ATM.SF6G.KT.CE","","","","","","","","","","","","","","","","","","","","","","","","","","","","","","","241.9","","","","","","","","","","182.8","","","","","326.6","","","390.9","","434","","","","","","","",
"Nicaragua","NIC","SF6 gas emissions (thousand metric tons of CO2 equivalent)","EN.ATM.SF6G.KT.CE","","","","","","","","","","","","","","","","","","","","","","","","","","","","","","","0","","","","","","","","","","0","","","","","0","","","0","","0","","","","","","","",
"Netherlands","NLD","SF6 gas emissions (thousand metric tons of CO2 equivalent)","EN.ATM.SF6G.KT.CE","","","","","","","","","","","","","","","","","","","","","","","","","","","","","","","291.3","","","","","","","","","","283","","","","","126.9","","","141.4","","159","","","","","","","",
"Norway","NOR","SF6 gas emissions (thousand metric tons of CO2 equivalent)","EN.ATM.SF6G.KT.CE","","","","","","","","","","","","","","","","","","","","","","","","","","","","","","","2263.6","","","","","","","","","","983.2","","","","","331.4","","","222.2","","157","","","","","","","",
"Nepal","NPL","SF6 gas emissions (thousand metric tons of CO2 equivalent)","EN.ATM.SF6G.KT.CE","","","","","","","","","","","","","","","","","","","","","","","","","","","","","","","0","","","","","","","","","","0","","","","","0","","","0","","0","","","","","","","",
"Nauru","NRU","SF6 gas emissions (thousand metric tons of CO2 equivalent)","EN.ATM.SF6G.KT.CE","","","","","","","","","","","","","","","","","","","","","","","","","","","","","","","","","","","","","","","","","","","","","","","","","","","","","","","","","","",
"New Zealand","NZL","SF6 gas emissions (thousand metric tons of CO2 equivalent)","EN.ATM.SF6G.KT.CE","","","","","","","","","","","","","","","","","","","","","","","","","","","","","","","49.4","","","","","","","","","","58.4","","","","","53.4","","","61.5","","88","","","","","","","",
"OECD members","OED","SF6 gas emissions (thousand metric tons of CO2 equivalent)","EN.ATM.SF6G.KT.CE","","","","","","","","","","","","","","","","","","","","","","","","","","","","","","","","","","","","","","","","","","","","","","","","","","","70379.4843055127","","","","","","","",
"Oman","OMN","SF6 gas emissions (thousand metric tons of CO2 equivalent)","EN.ATM.SF6G.KT.CE","","","","","","","","","","","","","","","","","","","","","","","","","","","","","","","0","","","","","","","","","","0","","","","","0","","","0","","0","","","","","","","",
"Other small states","OSS","SF6 gas emissions (thousand metric tons of CO2 equivalent)","EN.ATM.SF6G.KT.CE","","","","","","","","","","","","","","","","","","","","","","","","","","","","","","","","","","","","","","","","","","","","","","","","","","","","","","","","","","",
"Pakistan","PAK","SF6 gas emissions (thousand metric tons of CO2 equivalent)","EN.ATM.SF6G.KT.CE","","","","","","","","","","","","","","","","","","","","","","","","","","","","","","","1009","","","","","","","","","","347.2","","","","","819.4","","","951.6","","1036","","","","","","","",
"Panama","PAN","SF6 gas emissions (thousand metric tons of CO2 equivalent)","EN.ATM.SF6G.KT.CE","","","","","","","","","","","","","","","","","","","","","","","","","","","","","","","0","","","","","","","","","","0","","","","","0","","","0","","0","","","","","","","",
"Peru","PER","SF6 gas emissions (thousand metric tons of CO2 equivalent)","EN.ATM.SF6G.KT.CE","","","","","","","","","","","","","","","","","","","","","","","","","","","","","","","0","","","","","","","","","","0","","","","","0","","","0","","0","","","","","","","",
"Philippines","PHL","SF6 gas emissions (thousand metric tons of CO2 equivalent)","EN.ATM.SF6G.KT.CE","","","","","","","","","","","","","","","","","","","","","","","","","","","","","","","161.9","","","","","","","","","","221.4","","","","","365.3","","","421.7","","459","","","","","","","",
"Palau","PLW","SF6 gas emissions (thousand metric tons of CO2 equivalent)","EN.ATM.SF6G.KT.CE","","","","","","","","","","","","","","","","","","","","","","","","","","","","","","","","","","","","","","","","","","","","","","","","","","","","","","","","","","",
"Papua New Guinea","PNG","SF6 gas emissions (thousand metric tons of CO2 equivalent)","EN.ATM.SF6G.KT.CE","","","","","","","","","","","","","","","","","","","","","","","","","","","","","","","","","","","","","","","","","","","","","","","","","","","","","","","","","","",
"Poland","POL","SF6 gas emissions (thousand metric tons of CO2 equivalent)","EN.ATM.SF6G.KT.CE","","","","","","","","","","","","","","","","","","","","","","","","","","","","","","","104.3","","","","","","","","","","189.8","","","","","218.5","","","251.7","","273","","","","","","","",
"Pre-demographic dividend","PRE","SF6 gas emissions (thousand metric tons of CO2 equivalent)","EN.ATM.SF6G.KT.CE","","","","","","","","","","","","","","","","","","","","","","","","","","","","","","","","","","","","","","","","","","","","","","","","","","","","","","","","","","",
"Puerto Rico","PRI","SF6 gas emissions (thousand metric tons of CO2 equivalent)","EN.ATM.SF6G.KT.CE","","","","","","","","","","","","","","","","","","","","","","","","","","","","","","","","","","","","","","","","","","","","","","","","","","","","","","","","","","",
"Korea, Dem. People’s Rep.","PRK","SF6 gas emissions (thousand metric tons of CO2 equivalent)","EN.ATM.SF6G.KT.CE","","","","","","","","","","","","","","","","","","","","","","","","","","","","","","","0","","","","","","","","","","0","","","","","0","","","0","","0","","","","","","","",
"Portugal","PRT","SF6 gas emissions (thousand metric tons of CO2 equivalent)","EN.ATM.SF6G.KT.CE","","","","","","","","","","","","","","","","","","","","","","","","","","","","","","","108","","","","","","","","","","128","","","","","103.8","","","132.4","","161","","","","","","","",
"Paraguay","PRY","SF6 gas emissions (thousand metric tons of CO2 equivalent)","EN.ATM.SF6G.KT.CE","","","","","","","","","","","","","","","","","","","","","","","","","","","","","","","0","","","","","","","","","","0","","","","","0","","","0","","0","","","","","","","",
"West Bank and Gaza","PSE","SF6 gas emissions (thousand metric tons of CO2 equivalent)","EN.ATM.SF6G.KT.CE","","","","","","","","","","","","","","","","","","","","","","","","","","","","","","","","","","","","","","","","","","","","","","","","","","","","","","","","","","",
"Pacific island small states","PSS","SF6 gas emissions (thousand metric tons of CO2 equivalent)","EN.ATM.SF6G.KT.CE","","","","","","","","","","","","","","","","","","","","","","","","","","","","","","","","","","","","","","","","","","","","","","","","","","","","","","","","","","",
"Post-demographic dividend","PST","SF6 gas emissions (thousand metric tons of CO2 equivalent)","EN.ATM.SF6G.KT.CE","","","","","","","","","","","","","","","","","","","","","","","","","","","","","","","","","","","","","","","","","","","","","","","","","","","68161.4944363526","","","","","","","",
"French Polynesia","PYF","SF6 gas emissions (thousand metric tons of CO2 equivalent)","EN.ATM.SF6G.KT.CE","","","","","","","","","","","","","","","","","","","","","","","","","","","","","","","","","","","","","","","","","","","","","","","","","","","","","","","","","","",
"Qatar","QAT","SF6 gas emissions (thousand metric tons of CO2 equivalent)","EN.ATM.SF6G.KT.CE","","","","","","","","","","","","","","","","","","","","","","","","","","","","","","","0","","","","","","","","","","0","","","","","0","","","0","","0","","","","","","","",
"Romania","ROU","SF6 gas emissions (thousand metric tons of CO2 equivalent)","EN.ATM.SF6G.KT.CE","","","","","","","","","","","","","","","","","","","","","","","","","","","","","","","1.6","","","","","","","","","","2","","","","","2.2","","","2.3","","2","","","","","","","",
"Russian Federation","RUS","SF6 gas emissions (thousand metric tons of CO2 equivalent)","EN.ATM.SF6G.KT.CE","","","","","","","","","","","","","","","","","","","","","","","","","","","","","","","4886.8","","","","","","","","","","9033.2","","","","","9289.9","","","9448.2","","9592","","","","","","","",
"Rwanda","RWA","SF6 gas emissions (thousand metric tons of CO2 equivalent)","EN.ATM.SF6G.KT.CE","","","","","","","","","","","","","","","","","","","","","","","","","","","","","","","","","","","","","","","","","","","","","","","","","","","","","","","","","","",
"South Asia","SAS","SF6 gas emissions (thousand metric tons of CO2 equivalent)","EN.ATM.SF6G.KT.CE","","","","","","","","","","","","","","","","","","","","","","","","","","","","","","","","","","","","","","","","","","","","","","","","","","","7588.89387706652","","","","","","","",
"Saudi Arabia","SAU","SF6 gas emissions (thousand metric tons of CO2 equivalent)","EN.ATM.SF6G.KT.CE","","","","","","","","","","","","","","","","","","","","","","","","","","","","","","","2441.3","","","","","","","","","","1264.6","","","","","1973.8","","","2321.8","","2558","","","","","","","",
"Sudan","SDN","SF6 gas emissions (thousand metric tons of CO2 equivalent)","EN.ATM.SF6G.KT.CE","","","","","","","","","","","","","","","","","","","","","","","","","","","","","","","0","","","","","","","","","","0","","","","","0","","","0","","0","","","","","","","",
"Senegal","SEN","SF6 gas emissions (thousand metric tons of CO2 equivalent)","EN.ATM.SF6G.KT.CE","","","","","","","","","","","","","","","","","","","","","","","","","","","","","","","0","","","","","","","","","","0","","","","","0","","","0","","0","","","","","","","",
"Singapore","SGP","SF6 gas emissions (thousand metric tons of CO2 equivalent)","EN.ATM.SF6G.KT.CE","","","","","","","","","","","","","","","","","","","","","","","","","","","","","","","364.7","","","","","","","","","","259.8","","","","","301.2","","","385.5","","386","","","","","","","",
"Solomon Islands","SLB","SF6 gas emissions (thousand metric tons of CO2 equivalent)","EN.ATM.SF6G.KT.CE","","","","","","","","","","","","","","","","","","","","","","","","","","","","","","","","","","","","","","","","","","","","","","","","","","","","","","","","","","",
"Sierra Leone","SLE","SF6 gas emissions (thousand metric tons of CO2 equivalent)","EN.ATM.SF6G.KT.CE","","","","","","","","","","","","","","","","","","","","","","","","","","","","","","","","","","","","","","","","","","","","","","","","","","","","","","","","","","",
"El Salvador","SLV","SF6 gas emissions (thousand metric tons of CO2 equivalent)","EN.ATM.SF6G.KT.CE","","","","","","","","","","","","","","","","","","","","","","","","","","","","","","","0","","","","","","","","","","0","","","","","0","","","0","","0","","","","","","","",
"San Marino","SMR","SF6 gas emissions (thousand metric tons of CO2 equivalent)","EN.ATM.SF6G.KT.CE","","","","","","","","","","","","","","","","","","","","","","","","","","","","","","","","","","","","","","","","","","","","","","","","","","","","","","","","","","",
"Somalia","SOM","SF6 gas emissions (thousand metric tons of CO2 equivalent)","EN.ATM.SF6G.KT.CE","","","","","","","","","","","","","","","","","","","","","","","","","","","","","","","","","","","","","","","","","","","","","","","","","","","","","","","","","","",
"Serbia","SRB","SF6 gas emissions (thousand metric tons of CO2 equivalent)","EN.ATM.SF6G.KT.CE","","","","","","","","","","","","","","","","","","","","","","","","","","","","","","","0","","","","","","","","","","0","","","","","0","","","0","","0","","","","","","","",
"Sub-Saharan Africa (excluding high income)","SSA","SF6 gas emissions (thousand metric tons of CO2 equivalent)","EN.ATM.SF6G.KT.CE","","","","","","","","","","","","","","","","","","","","","","","","","","","","","","","","","","","","","","","","","","","","","","","","","","","","","","","","","","",
"South Sudan","SSD","SF6 gas emissions (thousand metric tons of CO2 equivalent)","EN.ATM.SF6G.KT.CE","","","","","","","","","","","","","","","","","","","","","","","","","","","","","","","","","","","","","","","","","","","","","","","","","","","","","","","","","","",
"Sub-Saharan Africa","SSF","SF6 gas emissions (thousand metric tons of CO2 equivalent)","EN.ATM.SF6G.KT.CE","","","","","","","","","","","","","","","","","","","","","","","","","","","","","","","","","","","","","","","","","","","","","","","","","","","","","","","","","","",
"Small states","SST","SF6 gas emissions (thousand metric tons of CO2 equivalent)","EN.ATM.SF6G.KT.CE","","","","","","","","","","","","","","","","","","","","","","","","","","","","","","","","","","","","","","","","","","","","","","","","","","","","","","","","","","",
"Sao Tome and Principe","STP","SF6 gas emissions (thousand metric tons of CO2 equivalent)","EN.ATM.SF6G.KT.CE","","","","","","","","","","","","","","","","","","","","","","","","","","","","","","","","","","","","","","","","","","","","","","","","","","","","","","","","","","",
"Suriname","SUR","SF6 gas emissions (thousand metric tons of CO2 equivalent)","EN.ATM.SF6G.KT.CE","","","","","","","","","","","","","","","","","","","","","","","","","","","","","","","","","","","","","","","","","","","","","","","","","","","","","","","","","","",
"Slovak Republic","SVK","SF6 gas emissions (thousand metric tons of CO2 equivalent)","EN.ATM.SF6G.KT.CE","","","","","","","","","","","","","","","","","","","","","","","","","","","","","","","0","","","","","","","","","","0","","","","","0","","","0","","0","","","","","","","",
"Slovenia","SVN","SF6 gas emissions (thousand metric tons of CO2 equivalent)","EN.ATM.SF6G.KT.CE","","","","","","","","","","","","","","","","","","","","","","","","","","","","","","","1.6","","","","","","","","","","2","","","","","2.2","","","2.3","","2","","","","","","","",
"Sweden","SWE","SF6 gas emissions (thousand metric tons of CO2 equivalent)","EN.ATM.SF6G.KT.CE","","","","","","","","","","","","","","","","","","","","","","","","","","","","","","","173.5","","","","","","","","","","194","","","","","214.2","","","168.1","","166","","","","","","","",
"Eswatini","SWZ","SF6 gas emissions (thousand metric tons of CO2 equivalent)","EN.ATM.SF6G.KT.CE","","","","","","","","","","","","","","","","","","","","","","","","","","","","","","","","","","","","","","","","","","","","","","","","","","","","","","","","","","",
"Sint Maarten (Dutch part)","SXM","SF6 gas emissions (thousand metric tons of CO2 equivalent)","EN.ATM.SF6G.KT.CE","","","","","","","","","","","","","","","","","","","","","","","","","","","","","","","","","","","","","","","","","","","","","","","","","","","","","","","","","","",
"Seychelles","SYC","SF6 gas emissions (thousand metric tons of CO2 equivalent)","EN.ATM.SF6G.KT.CE","","","","","","","","","","","","","","","","","","","","","","","","","","","","","","","","","","","","","","","","","","","","","","","","","","","","","","","","","","",
"Syrian Arab Republic","SYR","SF6 gas emissions (thousand metric tons of CO2 equivalent)","EN.ATM.SF6G.KT.CE","","","","","","","","","","","","","","","","","","","","","","","","","","","","","","","0","","","","","","","","","","0","","","","","0","","","0","","0","","","","","","","",
"Turks and Caicos Islands","TCA","SF6 gas emissions (thousand metric tons of CO2 equivalent)","EN.ATM.SF6G.KT.CE","","","","","","","","","","","","","","","","","","","","","","","","","","","","","","","","","","","","","","","","","","","","","","","","","","","","","","","","","","",
"Chad","TCD","SF6 gas emissions (thousand metric tons of CO2 equivalent)","EN.ATM.SF6G.KT.CE","","","","","","","","","","","","","","","","","","","","","","","","","","","","","","","","","","","","","","","","","","","","","","","","","","","","","","","","","","",
"East Asia & Pacific (IDA & IBRD countries)","TEA","SF6 gas emissions (thousand metric tons of CO2 equivalent)","EN.ATM.SF6G.KT.CE","","","","","","","","","","","","","","","","","","","","","","","","","","","","","","","","","","","","","","","","","","","","","","","","","","","62525.8972538887","","","","","","","",
"Europe & Central Asia (IDA & IBRD countries)","TEC","SF6 gas emissions (thousand metric tons of CO2 equivalent)","EN.ATM.SF6G.KT.CE","","","","","","","","","","","","","","","","","","","","","","","","","","","","","","","","","","","","","","","","","","","","","","","","","","","14481.3813165876","","","","","","","",
"Togo","TGO","SF6 gas emissions (thousand metric tons of CO2 equivalent)","EN.ATM.SF6G.KT.CE","","","","","","","","","","","","","","","","","","","","","","","","","","","","","","","0","","","","","","","","","","0","","","","","0","","","0","","0","","","","","","","",
"Thailand","THA","SF6 gas emissions (thousand metric tons of CO2 equivalent)","EN.ATM.SF6G.KT.CE","","","","","","","","","","","","","","","","","","","","","","","","","","","","","","","1429.5","","","","","","","","","","453.1","","","","","1103.9","","","1274.5","","1388","","","","","","","",
"Tajikistan","TJK","SF6 gas emissions (thousand metric tons of CO2 equivalent)","EN.ATM.SF6G.KT.CE","","","","","","","","","","","","","","","","","","","","","","","","","","","","","","","0","","","","","","","","","","0","","","","","0","","","0","","0","","","","","","","",
"Turkmenistan","TKM","SF6 gas emissions (thousand metric tons of CO2 equivalent)","EN.ATM.SF6G.KT.CE","","","","","","","","","","","","","","","","","","","","","","","","","","","","","","","0","","","","","","","","","","0","","","","","0","","","0","","0","","","","","","","",
"Latin America & the Caribbean (IDA & IBRD countries)","TLA","SF6 gas emissions (thousand metric tons of CO2 equivalent)","EN.ATM.SF6G.KT.CE","","","","","","","","","","","","","","","","","","","","","","","","","","","","","","","","","","","","","","","","","","","","","","","","","","","3258.93862367395","","","","","","","",
"Timor-Leste","TLS","SF6 gas emissions (thousand metric tons of CO2 equivalent)","EN.ATM.SF6G.KT.CE","","","","","","","","","","","","","","","","","","","","","","","","","","","","","","","","","","","","","","","","","","","","","","","","","","","","","","","","","","",
"Middle East & North Africa (IDA & IBRD countries)","TMN","SF6 gas emissions (thousand metric tons of CO2 equivalent)","EN.ATM.SF6G.KT.CE","","","","","","","","","","","","","","","","","","","","","","","","","","","","","","","","","","","","","","","","","","","","","","","","","","","6869.75745476984","","","","","","","",
"Tonga","TON","SF6 gas emissions (thousand metric tons of CO2 equivalent)","EN.ATM.SF6G.KT.CE","","","","","","","","","","","","","","","","","","","","","","","","","","","","","","","","","","","","","","","","","","","","","","","","","","","","","","","","","","",
"South Asia (IDA & IBRD)","TSA","SF6 gas emissions (thousand metric tons of CO2 equivalent)","EN.ATM.SF6G.KT.CE","","","","","","","","","","","","","","","","","","","","","","","","","","","","","","","","","","","","","","","","","","","","","","","","","","","7588.89387706652","","","","","","","",
"Sub-Saharan Africa (IDA & IBRD countries)","TSS","SF6 gas emissions (thousand metric tons of CO2 equivalent)","EN.ATM.SF6G.KT.CE","","","","","","","","","","","","","","","","","","","","","","","","","","","","","","","","","","","","","","","","","","","","","","","","","","","","","","","","","","",
"Trinidad and Tobago","TTO","SF6 gas emissions (thousand metric tons of CO2 equivalent)","EN.ATM.SF6G.KT.CE","","","","","","","","","","","","","","","","","","","","","","","","","","","","","","","0","","","","","","","","","","0","","","","","0","","","0","","0","","","","","","","",
"Tunisia","TUN","SF6 gas emissions (thousand metric tons of CO2 equivalent)","EN.ATM.SF6G.KT.CE","","","","","","","","","","","","","","","","","","","","","","","","","","","","","","","0","","","","","","","","","","0","","","","","0","","","0","","0","","","","","","","",
"Turkey","TUR","SF6 gas emissions (thousand metric tons of CO2 equivalent)","EN.ATM.SF6G.KT.CE","","","","","","","","","","","","","","","","","","","","","","","","","","","","","","","2027.1","","","","","","","","","","989.2","","","","","1602.2","","","1898.8","","1972","","","","","","","",
"Tuvalu","TUV","SF6 gas emissions (thousand metric tons of CO2 equivalent)","EN.ATM.SF6G.KT.CE","","","","","","","","","","","","","","","","","","","","","","","","","","","","","","","","","","","","","","","","","","","","","","","","","","","","","","","","","","",
"Tanzania","TZA","SF6 gas emissions (thousand metric tons of CO2 equivalent)","EN.ATM.SF6G.KT.CE","","","","","","","","","","","","","","","","","","","","","","","","","","","","","","","0","","","","","","","","","","0","","","","","0","","","0","","0","","","","","","","",
"Uganda","UGA","SF6 gas emissions (thousand metric tons of CO2 equivalent)","EN.ATM.SF6G.KT.CE","","","","","","","","","","","","","","","","","","","","","","","","","","","","","","","","","","","","","","","","","","","","","","","","","","","","","","","","","","",
"Ukraine","UKR","SF6 gas emissions (thousand metric tons of CO2 equivalent)","EN.ATM.SF6G.KT.CE","","","","","","","","","","","","","","","","","","","","","","","","","","","","","","","0","","","","","","","","","","155.4","","","","","291.6","","","420.6","","437","","","","","","","",
"Upper middle income","UMC","SF6 gas emissions (thousand metric tons of CO2 equivalent)","EN.ATM.SF6G.KT.CE","","","","","","","","","","","","","","","","","","","","","","","","","","","","","","","","","","","","","","","","","","","","","","","","","","","84632.8695440348","","","","","","","",
"Uruguay","URY","SF6 gas emissions (thousand metric tons of CO2 equivalent)","EN.ATM.SF6G.KT.CE","","","","","","","","","","","","","","","","","","","","","","","","","","","","","","","0","","","","","","","","","","0","","","","","0","","","0","","0","","","","","","","",
"United States","USA","SF6 gas emissions (thousand metric tons of CO2 equivalent)","EN.ATM.SF6G.KT.CE","","","","","","","","","","","","","","","","","","","","","","","","","","","","","","","42182.5","","","","","","","","","","45930.1","","","","","41952.9","","","42528.6","","41202","","","","","","","",
"Uzbekistan","UZB","SF6 gas emissions (thousand metric tons of CO2 equivalent)","EN.ATM.SF6G.KT.CE","","","","","","","","","","","","","","","","","","","","","","","","","","","","","","","0","","","","","","","","","","0","","","","","0","","","0","","0","","","","","","","",
"St. Vincent and the Grenadines","VCT","SF6 gas emissions (thousand metric tons of CO2 equivalent)","EN.ATM.SF6G.KT.CE","","","","","","","","","","","","","","","","","","","","","","","","","","","","","","","","","","","","","","","","","","","","","","","","","","","","","","","","","","",
"Venezuela, RB","VEN","SF6 gas emissions (thousand metric tons of CO2 equivalent)","EN.ATM.SF6G.KT.CE","","","","","","","","","","","","","","","","","","","","","","","","","","","","","","","309.8","","","","","","","","","","191.4","","","","","225.1","","","263.4","","289","","","","","","","",
"British Virgin Islands","VGB","SF6 gas emissions (thousand metric tons of CO2 equivalent)","EN.ATM.SF6G.KT.CE","","","","","","","","","","","","","","","","","","","","","","","","","","","","","","","","","","","","","","","","","","","","","","","","","","","","","","","","","","",
"Virgin Islands (U.S.)","VIR","SF6 gas emissions (thousand metric tons of CO2 equivalent)","EN.ATM.SF6G.KT.CE","","","","","","","","","","","","","","","","","","","","","","","","","","","","","","","","","","","","","","","","","","","","","","","","","","","","","","","","","","",
"Vietnam","VNM","SF6 gas emissions (thousand metric tons of CO2 equivalent)","EN.ATM.SF6G.KT.CE","","","","","","","","","","","","","","","","","","","","","","","","","","","","","","","0","","","","","","","","","","0","","","","","0","","","0","","0","","","","","","","",
"Vanuatu","VUT","SF6 gas emissions (thousand metric tons of CO2 equivalent)","EN.ATM.SF6G.KT.CE","","","","","","","","","","","","","","","","","","","","","","","","","","","","","","","","","","","","","","","","","","","","","","","","","","","","","","","","","","",
"World","WLD","SF6 gas emissions (thousand metric tons of CO2 equivalent)","EN.ATM.SF6G.KT.CE","","","","","","","","","","","","","","","","","","","","","","","","","","","","","","","","","","","","","","","","","","","","","","","","","","","174905.385537478","","","","","","","",
"Samoa","WSM","SF6 gas emissions (thousand metric tons of CO2 equivalent)","EN.ATM.SF6G.KT.CE","","","","","","","","","","","","","","","","","","","","","","","","","","","","","","","","","","","","","","","","","","","","","","","","","","","","","","","","","","",
"Kosovo","XKX","SF6 gas emissions (thousand metric tons of CO2 equivalent)","EN.ATM.SF6G.KT.CE","","","","","","","","","","","","","","","","","","","","","","","","","","","","","","","","","","","","","","","","","","","","","","","","","","","0","","","","","","","",
"Yemen, Rep.","YEM","SF6 gas emissions (thousand metric tons of CO2 equivalent)","EN.ATM.SF6G.KT.CE","","","","","","","","","","","","","","","","","","","","","","","","","","","","","","","0","","","","","","","","","","0","","","","","0","","","0","","0","","","","","","","",
"South Africa","ZAF","SF6 gas emissions (thousand metric tons of CO2 equivalent)","EN.ATM.SF6G.KT.CE","","","","","","","","","","","","","","","","","","","","","","","","","","","","","","","1053.9","","","","","","","","","","1015.4","","","","","1519.7","","","1743.6","","1922","","","","","","","",
"Zambia","ZMB","SF6 gas emissions (thousand metric tons of CO2 equivalent)","EN.ATM.SF6G.KT.CE","","","","","","","","","","","","","","","","","","","","","","","","","","","","","","","0","","","","","","","","","","0","","","","","0","","","0","","0","","","","","","","",
"Zimbabwe","ZWE","SF6 gas emissions (thousand metric tons of CO2 equivalent)","EN.ATM.SF6G.KT.CE","","","","","","","","","","","","","","","","","","","","","","","","","","","","","","","0","","","","","","","","","","0","","","","","0","","","0","","0","","","","","","","",
